explained_variance,fraction_var_unexplained,mse,cosine_similarity,activation_sparsity_l0,weight_sparsity,dead_features_pct,dead_features_count,total_latents,eval_dataset,model,layer,sae_train_dataset,sae_token_size,sae_expansion_factor,sae_k_value,sae_checkpoint_name,sae_token_size_mil
0.9273122999695951,0.07268770003040487,1.3114758356903373,0.9630960264947279,0.006944444444444444,2.9575678127002902e-05,0.0263671875,243,9216,GAIR/lima,HuggingFaceTB/SmolLM2-135M,6,INS,50M,16,64,smollm2-sparsify-INS-50M-token-6_25-layers-16-expansion-64-k/layers.6,50.0
0.9874405698240318,0.012559430175968146,43.769764410338496,0.9615390209294695,0.003472222222222222,2.496036540833302e-05,0.16552734375,3051,18432,datablations/c4-filter-small,HuggingFaceTB/SmolLM2-135M,25,lmsys,50M,32,64,smollm2-sparsify-lmsys-50M-token-6_25-layers-32-expansion-64-k/layers.25,50.0
0.9831628668641815,0.01683713313581849,50.186894084911295,0.9592477415266655,0.006944444444444444,2.9387298127403483e-05,0.15125868055555555,1394,9216,GAIR/lima,HuggingFaceTB/SmolLM2-135M,25,PRE,50M,16,64,smollm2-sparsify-PRE-50M-token-6_25-layers-16-expansion-64-k/layers.25,50.0
0.9268472511802711,0.07315274881972886,1.4365283705074305,0.9602565124543486,0.006944444444444444,3.0517578125e-05,0.038519965277777776,355,9216,datablations/c4-filter-small,HuggingFaceTB/SmolLM2-135M,6,EQ,50M,16,64,smollm2-sparsify-EQ-50M-token-6_25-layers-16-expansion-64-k/layers.6,50.0
0.9880954154029029,0.011904584597097069,35.48431443048832,0.963906209643897,0.003472222222222222,2.6184836315223947e-05,0.1467013888888889,2704,18432,GAIR/lima,HuggingFaceTB/SmolLM2-135M,25,PRE,50M,32,64,smollm2-sparsify-PRE-50M-token-6_25-layers-32-expansion-64-k/layers.25,50.0
0.9856736060836767,0.014326393916323265,49.927654183470054,0.9601003425117467,0.006944444444444444,3.070595994358882e-05,0.1625434027777778,1498,9216,datablations/c4-filter-small,HuggingFaceTB/SmolLM2-135M,25,INS,50M,16,64,smollm2-sparsify-INS-50M-token-6_25-layers-16-expansion-64-k/layers.25,50.0
0.9019828290809828,0.09801717091901715,1.7684856047068498,0.9497705123322355,0.013888886077184713,3.2778138120193034e-05,0.011067708333333334,51,4608,GAIR/lima,HuggingFaceTB/SmolLM2-135M,6,lmsys,50M,8,64,smollm2-sparsify-lmsys-50M-token-6_25-layers-8-expansion-64-k/layers.6,50.0
0.9869404082136011,0.013059591786398959,38.927075321503104,0.9646950014275005,0.003472222222222222,2.411265450064093e-05,0.1376953125,2538,18432,GAIR/lima,HuggingFaceTB/SmolLM2-135M,25,INS,50M,32,64,smollm2-sparsify-INS-50M-token-6_25-layers-32-expansion-64-k/layers.25,50.0
0.9835889950997255,0.016411004900274456,48.916722230158726,0.9587809619255094,0.006944444444444444,2.8633778129005805e-05,0.1222873263888889,1127,9216,GAIR/lima,HuggingFaceTB/SmolLM2-135M,25,lmsys,50M,16,64,smollm2-sparsify-lmsys-50M-token-6_25-layers-16-expansion-64-k/layers.25,50.0
0.9063946402062708,0.09360535979372922,1.838164076467113,0.949447542116504,0.013888888888888888,3.692250174935907e-05,0.021267361111111112,98,4608,datablations/c4-filter-small,HuggingFaceTB/SmolLM2-135M,6,PRE,50M,8,64,smollm2-sparsify-PRE-50M-token-6_25-layers-8-expansion-64-k/layers.6,50.0
0.9845997267226656,0.015400273277334382,45.90400738734186,0.9593448096034356,0.006944444444444444,1.8838010873878375e-05,0.1361762152777778,1255,9216,GAIR/lima,HuggingFaceTB/SmolLM2-135M,25,EQ,50M,16,64,smollm2-sparsify-EQ-50M-token-6_25-layers-16-expansion-64-k/layers.25,50.0
0.9730529107482236,0.026947089251776406,93.91092840752215,0.9456903885162881,0.013888888888888888,3.42851817549672e-05,0.1408420138888889,649,4608,datablations/c4-filter-small,HuggingFaceTB/SmolLM2-135M,25,PRE,50M,8,64,smollm2-sparsify-PRE-50M-token-6_25-layers-8-expansion-64-k/layers.25,50.0
0.9057405888030664,0.0942594111969336,1.7006858109345666,0.9519910041966009,0.013888887951654164,3.466194175416604e-05,0.018663194444444444,86,4608,GAIR/lima,HuggingFaceTB/SmolLM2-135M,6,EQ,50M,8,64,smollm2-sparsify-EQ-50M-token-6_25-layers-8-expansion-64-k/layers.6,50.0
0.9860365688543664,0.013963431145633547,41.62117352847053,0.9644890831366886,0.003472222222222222,2.6373216314823367e-05,0.1365017361111111,2516,18432,GAIR/lima,HuggingFaceTB/SmolLM2-135M,25,EQ,50M,32,64,smollm2-sparsify-EQ-50M-token-6_25-layers-32-expansion-64-k/layers.25,50.0
0.9274807341110236,0.07251926588897635,1.3084368441374838,0.9630809181702801,0.006944441164122906,3.0517578125e-05,0.027560763888888888,254,9216,GAIR/lima,HuggingFaceTB/SmolLM2-135M,6,EQ,50M,16,64,smollm2-sparsify-EQ-50M-token-6_25-layers-16-expansion-64-k/layers.6,50.0
0.9882713505103519,0.011728649489648113,40.874483779974696,0.9644291265258654,0.003472222222222222,2.411265450064093e-05,0.1808810763888889,3334,18432,datablations/c4-filter-small,HuggingFaceTB/SmolLM2-135M,25,INS,50M,32,64,smollm2-sparsify-INS-50M-token-6_25-layers-32-expansion-64-k/layers.25,50.0
0.9744231803059928,0.02557681969400717,76.23751209054103,0.9472383388018152,0.013888888888888888,3.616898175096139e-05,0.11284722222222222,520,4608,GAIR/lima,HuggingFaceTB/SmolLM2-135M,25,INS,50M,8,64,smollm2-sparsify-INS-50M-token-6_25-layers-8-expansion-64-k/layers.25,50.0
0.943232520209927,0.05676747979007303,1.0242335080980507,0.9709728690967488,0.0034722215192961783,2.9387298127403483e-05,0.04562717013888889,841,18432,GAIR/lima,HuggingFaceTB/SmolLM2-135M,6,EQ,50M,32,64,smollm2-sparsify-EQ-50M-token-6_25-layers-32-expansion-64-k/layers.6,50.0
0.9420811022888477,0.057918897711152315,1.1373754382849528,0.9683883907433544,0.003472222222222222,2.6561596314422786e-05,0.06792534722222222,1252,18432,datablations/c4-filter-small,HuggingFaceTB/SmolLM2-135M,6,PRE,50M,32,64,smollm2-sparsify-PRE-50M-token-6_25-layers-32-expansion-64-k/layers.6,50.0
0.9269170399762279,0.07308296002377207,1.3186073576658486,0.9628974342739322,0.0069444402268881815,3.014081812580116e-05,0.026909722222222224,248,9216,GAIR/lima,HuggingFaceTB/SmolLM2-135M,6,PRE,50M,16,64,smollm2-sparsify-PRE-50M-token-6_25-layers-16-expansion-64-k/layers.6,50.0
0.9815470034354418,0.01845299656455818,64.30891377866486,0.9438337197456128,0.013888888888888888,3.42851817549672e-05,0.1332465277777778,614,4608,datablations/c4-filter-small,HuggingFaceTB/SmolLM2-135M,25,lmsys,50M,8,64,smollm2-sparsify-lmsys-50M-token-6_25-layers-8-expansion-64-k/layers.25,50.0
0.9874255897720869,0.012574410227913049,43.821970070571204,0.9648935840694395,0.003472222222222222,2.6373216314823367e-05,0.1767035590277778,3257,18432,datablations/c4-filter-small,HuggingFaceTB/SmolLM2-135M,25,EQ,50M,32,64,smollm2-sparsify-EQ-50M-token-6_25-layers-32-expansion-64-k/layers.25,50.0
0.9764142836810995,0.023585716318900524,82.19650352471297,0.9469963722125125,0.013888888888888888,3.616898175096139e-05,0.1332465277777778,614,4608,datablations/c4-filter-small,HuggingFaceTB/SmolLM2-135M,25,INS,50M,8,64,smollm2-sparsify-INS-50M-token-6_25-layers-8-expansion-64-k/layers.25,50.0
0.9865689623772117,0.013431037622788354,40.03425388324402,0.9638283301141766,0.003472222222222222,2.496036540833302e-05,0.125,2304,18432,GAIR/lima,HuggingFaceTB/SmolLM2-135M,25,lmsys,50M,32,64,smollm2-sparsify-lmsys-50M-token-6_25-layers-32-expansion-64-k/layers.25,50.0
0.9045904419861373,0.09540955801386275,1.7214374615889112,0.9515841371107584,0.013888888888888888,3.692250174935907e-05,0.016059027777777776,74,4608,GAIR/lima,HuggingFaceTB/SmolLM2-135M,6,PRE,50M,8,64,smollm2-sparsify-PRE-50M-token-6_25-layers-8-expansion-64-k/layers.6,50.0
0.970753174217665,0.029246825782334916,87.17679761855385,0.9445710676100171,0.013888888888888888,3.42851817549672e-05,0.1247829861111111,575,4608,GAIR/lima,HuggingFaceTB/SmolLM2-135M,25,PRE,50M,8,64,smollm2-sparsify-PRE-50M-token-6_25-layers-8-expansion-64-k/layers.25,50.0
0.9256974326058193,0.07430256739418076,1.4591077954748637,0.9597030351264587,0.006944444444444444,2.9575678127002902e-05,0.03830295138888889,353,9216,datablations/c4-filter-small,HuggingFaceTB/SmolLM2-135M,6,INS,50M,16,64,smollm2-sparsify-INS-50M-token-6_25-layers-16-expansion-64-k/layers.6,50.0
0.941602523622863,0.058397476377136985,1.1467734696959224,0.9681191523378814,0.003472222222222222,2.9387298127403483e-05,0.0637478298611111,1175,18432,datablations/c4-filter-small,HuggingFaceTB/SmolLM2-135M,6,EQ,50M,32,64,smollm2-sparsify-EQ-50M-token-6_25-layers-32-expansion-64-k/layers.6,50.0
0.9068114206874406,0.09318857931255939,1.82997959953174,0.9493729501013033,0.013888887775723141,3.466194175416604e-05,0.022569444444444444,104,4608,datablations/c4-filter-small,HuggingFaceTB/SmolLM2-135M,6,EQ,50M,8,64,smollm2-sparsify-EQ-50M-token-6_25-layers-8-expansion-64-k/layers.6,50.0
0.9426102101932328,0.05738978980676725,1.0354616051331904,0.9706361130771716,0.003472221987913541,2.6561596314422786e-05,0.05186631944444445,956,18432,GAIR/lima,HuggingFaceTB/SmolLM2-135M,6,PRE,50M,32,64,smollm2-sparsify-PRE-50M-token-6_25-layers-32-expansion-64-k/layers.6,50.0
0.9391911432838108,0.060808856716189144,1.097150496519761,0.9687271626327594,0.00347216833122553,2.7503496312419884e-05,0.04774305555555555,880,18432,GAIR/lima,HuggingFaceTB/SmolLM2-135M,6,lmsys,50M,32,64,smollm2-sparsify-lmsys-50M-token-6_25-layers-32-expansion-64-k/layers.6,50.0
0.8988612566788449,0.10113874332115512,1.986099996000762,0.9445191094363429,0.013888874417734166,3.2778138120193034e-05,0.015407986111111112,71,4608,datablations/c4-filter-small,HuggingFaceTB/SmolLM2-135M,6,lmsys,50M,8,64,smollm2-sparsify-lmsys-50M-token-6_25-layers-8-expansion-64-k/layers.6,50.0
0.986405279965446,0.013594720034554001,47.37776195256954,0.9597998673959327,0.006944444444444444,1.8838010873878375e-05,0.17057291666666666,1572,9216,datablations/c4-filter-small,HuggingFaceTB/SmolLM2-135M,25,EQ,50M,16,64,smollm2-sparsify-EQ-50M-token-6_25-layers-16-expansion-64-k/layers.25,50.0
0.9242341843831744,0.07576581561682558,1.3670130752695777,0.9614418759108854,0.006944442101357632,2.9764058126602322e-05,0.023111979166666668,213,9216,GAIR/lima,HuggingFaceTB/SmolLM2-135M,6,lmsys,50M,16,64,smollm2-sparsify-lmsys-50M-token-6_25-layers-16-expansion-64-k/layers.6,50.0
0.9801208780431886,0.019879121956811435,59.25423170914608,0.9464432837474038,0.013888888888888888,3.42851817549672e-05,0.11783854166666667,543,4608,GAIR/lima,HuggingFaceTB/SmolLM2-135M,25,lmsys,50M,8,64,smollm2-sparsify-lmsys-50M-token-6_25-layers-8-expansion-64-k/layers.25,50.0
0.9849604461788192,0.015039553821180843,52.41302498335265,0.9601386646230355,0.006944444444444444,2.9387298127403483e-05,0.18033854166666666,1662,9216,datablations/c4-filter-small,HuggingFaceTB/SmolLM2-135M,25,PRE,50M,16,64,smollm2-sparsify-PRE-50M-token-6_25-layers-16-expansion-64-k/layers.25,50.0
0.9051995908214395,0.09480040917856049,1.8616317160728113,0.948316510791051,0.013888888888888888,3.9183061744552106e-05,0.018229166666666668,84,4608,datablations/c4-filter-small,HuggingFaceTB/SmolLM2-135M,6,INS,50M,8,64,smollm2-sparsify-INS-50M-token-6_25-layers-8-expansion-64-k/layers.6,50.0
0.9758687221738225,0.024131277826177543,71.9287466949799,0.9478366739346368,0.013888887951654164,3.0517578125e-05,0.1273871527777778,587,4608,GAIR/lima,HuggingFaceTB/SmolLM2-135M,25,EQ,50M,8,64,smollm2-sparsify-EQ-50M-token-6_25-layers-8-expansion-64-k/layers.25,50.0
0.9780681546656246,0.02193184533437537,76.4327433585651,0.9484164242004506,0.013888888888888888,3.0517578125e-05,0.1427951388888889,658,4608,datablations/c4-filter-small,HuggingFaceTB/SmolLM2-135M,25,EQ,50M,8,64,smollm2-sparsify-EQ-50M-token-6_25-layers-8-expansion-64-k/layers.25,50.0
0.9273889342814301,0.0726110657185699,1.425891133285397,0.960732601860616,0.006944443331278696,3.014081812580116e-05,0.03689236111111111,340,9216,datablations/c4-filter-small,HuggingFaceTB/SmolLM2-135M,6,PRE,50M,16,64,smollm2-sparsify-PRE-50M-token-6_25-layers-16-expansion-64-k/layers.6,50.0
0.9847629062540855,0.01523709374591453,53.10145398419806,0.9565428971799105,0.006944444444444444,2.8633778129005805e-05,0.15928819444444445,1468,9216,datablations/c4-filter-small,HuggingFaceTB/SmolLM2-135M,25,lmsys,50M,16,64,smollm2-sparsify-lmsys-50M-token-6_25-layers-16-expansion-64-k/layers.25,50.0
0.9896573951520675,0.010342604847932436,36.04410162249511,0.9647449386512902,0.003472222222222222,2.6184836315223947e-05,0.18223741319444445,3359,18432,datablations/c4-filter-small,HuggingFaceTB/SmolLM2-135M,25,PRE,50M,32,64,smollm2-sparsify-PRE-50M-token-6_25-layers-32-expansion-64-k/layers.25,50.0
0.933351522037257,0.06664847796274298,1.3088015281634693,0.9633933401926194,0.003472149866448607,2.7503496312419884e-05,0.06705729166666667,1236,18432,datablations/c4-filter-small,HuggingFaceTB/SmolLM2-135M,6,lmsys,50M,32,64,smollm2-sparsify-lmsys-50M-token-6_25-layers-32-expansion-64-k/layers.6,50.0
0.9191148112298767,0.08088518877012325,1.5883732367797814,0.9559246239546013,0.0069444438878615705,2.9764058126602322e-05,0.033745659722222224,311,9216,datablations/c4-filter-small,HuggingFaceTB/SmolLM2-135M,6,lmsys,50M,16,64,smollm2-sparsify-lmsys-50M-token-6_25-layers-16-expansion-64-k/layers.6,50.0
0.9055625200069082,0.09443747999309181,1.7038986368068156,0.9517278810286465,0.013888888888888888,3.9183061744552106e-05,0.013454861111111112,62,4608,GAIR/lima,HuggingFaceTB/SmolLM2-135M,6,INS,50M,8,64,smollm2-sparsify-INS-50M-token-6_25-layers-8-expansion-64-k/layers.6,50.0
0.942722748057215,0.05727725194278499,1.0334311283241677,0.9706371529529425,0.0034722147243444216,2.8162827220512554e-05,0.050130208333333336,924,18432,GAIR/lima,HuggingFaceTB/SmolLM2-135M,6,INS,50M,32,64,smollm2-sparsify-INS-50M-token-6_25-layers-32-expansion-64-k/layers.6,50.0
0.9840463954272527,0.015953604572747304,47.55333681253234,0.9603376944147972,0.006944444444444444,3.070595994358882e-05,0.12760416666666666,1176,9216,GAIR/lima,HuggingFaceTB/SmolLM2-135M,25,INS,50M,16,64,smollm2-sparsify-INS-50M-token-6_25-layers-16-expansion-64-k/layers.25,50.0
0.9401883098744143,0.05981169012558577,1.1745449233239293,0.9672696374589415,0.0034722063596103144,2.8162827220512554e-05,0.06966145833333333,1284,18432,datablations/c4-filter-small,HuggingFaceTB/SmolLM2-135M,6,INS,50M,32,64,smollm2-sparsify-INS-50M-token-6_25-layers-32-expansion-64-k/layers.6,50.0
0.9069686478772072,0.09303135212279275,1.678528419796007,0.9529902353762639,0.006944322603930184,3.7487643567146733e-05,0.027994791666666668,258,9216,GAIR/lima,HuggingFaceTB/SmolLM2-135M,6,PRE,124M,16,64,smollm2-sparsify-PRE-124M-token-6_25-layers-16-expansion-64-k/layers.6,124.0
0.9822751084705966,0.017724891529403392,52.83305932649004,0.9602592828713991,0.003472222222222222,2.8162827220512554e-05,0.16954210069444445,3125,18432,GAIR/lima,HuggingFaceTB/SmolLM2-135M,25,PRE,124M,32,64,smollm2-sparsify-PRE-124M-token-6_25-layers-32-expansion-64-k/layers.25,124.0
0.8648433434323579,0.13515665656764206,2.4385788661219934,0.9301041896420653,0.013888862646316587,5.6137272622436285e-05,0.016276041666666668,75,4608,GAIR/lima,HuggingFaceTB/SmolLM2-135M,6,EQ,124M,8,64,smollm2-sparsify-EQ-124M-token-6_25-layers-8-expansion-64-k/layers.6,124.0
0.972332925471711,0.027667074528289027,96.42008570927375,0.9291314431538584,0.013888888888888888,4.144362537772395e-05,0.1408420138888889,649,4608,datablations/c4-filter-small,HuggingFaceTB/SmolLM2-135M,25,EQ,124M,8,64,smollm2-sparsify-EQ-124M-token-6_25-layers-8-expansion-64-k/layers.25,124.0
0.9088732990436957,0.09112670095630424,1.7894897094991054,0.9508343408971681,0.006944427746958226,3.560383993317373e-05,0.03407118055555555,314,9216,datablations/c4-filter-small,HuggingFaceTB/SmolLM2-135M,6,EQ,124M,16,64,smollm2-sparsify-EQ-124M-token-6_25-layers-16-expansion-64-k/layers.6,124.0
0.9807334588482726,0.01926654115172746,57.42829568219878,0.9504892583269656,0.006944444444444444,4.012496356153861e-05,0.130859375,1206,9216,GAIR/lima,HuggingFaceTB/SmolLM2-135M,25,lmsys,124M,16,64,smollm2-sparsify-lmsys-124M-token-6_25-layers-16-expansion-64-k/layers.25,124.0
0.9336369848495598,0.06636301515044014,1.1973620119627995,0.966801581983537,0.003472126858588945,2.9104727218509652e-05,0.050238715277777776,926,18432,GAIR/lima,HuggingFaceTB/SmolLM2-135M,6,INS,124M,32,64,smollm2-sparsify-INS-124M-token-6_25-layers-32-expansion-64-k/layers.6,124.0
0.9826859172211885,0.01731408277881151,51.60855067119827,0.961275169874489,0.003472222222222222,2.8539587219711393e-05,0.1514214409722222,2791,18432,GAIR/lima,HuggingFaceTB/SmolLM2-135M,25,lmsys,124M,32,64,smollm2-sparsify-lmsys-124M-token-6_25-layers-32-expansion-64-k/layers.25,124.0
0.9822734914049276,0.017726508595072455,61.77709451411099,0.9522513863766456,0.006944444444444444,3.9183061744552106e-05,0.1830512152777778,1687,9216,datablations/c4-filter-small,HuggingFaceTB/SmolLM2-135M,25,PRE,124M,16,64,smollm2-sparsify-PRE-124M-token-6_25-layers-16-expansion-64-k/layers.25,124.0
0.9803039120597713,0.019696087940228736,68.64110209384292,0.92975676453455,0.013888888888888888,5.2369672630447894e-05,0.14756944444444445,680,4608,datablations/c4-filter-small,HuggingFaceTB/SmolLM2-135M,25,PRE,124M,8,64,smollm2-sparsify-PRE-124M-token-6_25-layers-8-expansion-64-k/layers.25,124.0
0.9086751889497172,0.09132481105028283,1.79338007281526,0.9508622870481476,0.006944236282449583,3.7487643567146733e-05,0.03732638888888889,344,9216,datablations/c4-filter-small,HuggingFaceTB/SmolLM2-135M,6,PRE,124M,16,64,smollm2-sparsify-PRE-124M-token-6_25-layers-16-expansion-64-k/layers.6,124.0
0.9736926036904088,0.026307396309591186,78.4151613929171,0.9277385225647532,0.013888887951654164,5.1992912631249055e-05,0.1130642361111111,521,4608,GAIR/lima,HuggingFaceTB/SmolLM2-135M,25,lmsys,124M,8,64,smollm2-sparsify-lmsys-124M-token-6_25-layers-8-expansion-64-k/layers.25,124.0
0.982126853993416,0.017873146006583917,62.28812764743575,0.9479878877795096,0.006944444444444444,4.012496356153861e-05,0.1599392361111111,1474,9216,datablations/c4-filter-small,HuggingFaceTB/SmolLM2-135M,25,lmsys,124M,16,64,smollm2-sparsify-lmsys-124M-token-6_25-layers-16-expansion-64-k/layers.25,124.0
0.8699266663969338,0.13007333360306614,2.5542995578710035,0.9278534347869203,0.013888888888888888,5.123938899487257e-05,0.019097222222222224,88,4608,datablations/c4-filter-small,HuggingFaceTB/SmolLM2-135M,6,INS,124M,8,64,smollm2-sparsify-INS-124M-token-6_25-layers-8-expansion-64-k/layers.6,124.0
0.9842809040209991,0.015719095979000848,46.85433076076469,0.9615524523441399,0.003472222222222222,2.929310721810907e-05,0.1552734375,2862,18432,GAIR/lima,HuggingFaceTB/SmolLM2-135M,25,EQ,124M,32,64,smollm2-sparsify-EQ-124M-token-6_25-layers-32-expansion-64-k/layers.25,124.0
0.9335502503711829,0.06644974962881711,1.1989269283443194,0.966508209343164,0.0034721903562415692,3.249556903028861e-05,0.050347222222222224,928,18432,GAIR/lima,HuggingFaceTB/SmolLM2-135M,6,PRE,124M,32,64,smollm2-sparsify-PRE-124M-token-6_25-layers-32-expansion-64-k/layers.6,124.0
0.933705325207141,0.06629467479285903,1.3018537606589804,0.9643075183597116,0.0034721749126779356,3.249556903028861e-05,0.06700303819444445,1235,18432,datablations/c4-filter-small,HuggingFaceTB/SmolLM2-135M,6,PRE,124M,32,64,smollm2-sparsify-PRE-124M-token-6_25-layers-32-expansion-64-k/layers.6,124.0
0.8711078159721644,0.12889218402783564,2.5311048741167026,0.9286818324081361,0.013888888888888888,5.2746432629646733e-05,0.021050347222222224,97,4608,datablations/c4-filter-small,HuggingFaceTB/SmolLM2-135M,6,PRE,124M,8,64,smollm2-sparsify-PRE-124M-token-6_25-layers-8-expansion-64-k/layers.6,124.0
0.9819039203842291,0.01809607961577087,63.06505394238266,0.9504804329980192,0.006944444444444444,3.522707993397489e-05,0.1787109375,1647,9216,datablations/c4-filter-small,HuggingFaceTB/SmolLM2-135M,25,INS,124M,16,64,smollm2-sparsify-INS-124M-token-6_25-layers-16-expansion-64-k/layers.25,124.0
0.9045683473868248,0.09543165261317522,1.7218361058311344,0.9520308834694837,0.006944442101357632,3.164785812259652e-05,0.023111979166666668,213,9216,GAIR/lima,HuggingFaceTB/SmolLM2-135M,6,lmsys,124M,16,64,smollm2-sparsify-lmsys-124M-token-6_25-layers-16-expansion-64-k/layers.6,124.0
0.9758906849636273,0.024109315036372717,84.02125131885774,0.9280173694761147,0.013888888888888888,4.822530900128186e-05,0.1351996527777778,623,4608,datablations/c4-filter-small,HuggingFaceTB/SmolLM2-135M,25,INS,124M,8,64,smollm2-sparsify-INS-124M-token-6_25-layers-8-expansion-64-k/layers.25,124.0
0.9848896691478275,0.015110330852172543,52.6596837830566,0.9610885309990325,0.003472222222222222,2.8162827220512554e-05,0.21110026041666666,3891,18432,datablations/c4-filter-small,HuggingFaceTB/SmolLM2-135M,25,INS,124M,32,64,smollm2-sparsify-INS-124M-token-6_25-layers-32-expansion-64-k/layers.25,124.0
0.8637409049972394,0.13625909500276057,2.4584697330415604,0.92869750996877,0.013888879516541637,4.9732348998077214e-05,0.013237847222222222,61,4608,GAIR/lima,HuggingFaceTB/SmolLM2-135M,6,lmsys,124M,8,64,smollm2-sparsify-lmsys-124M-token-6_25-layers-8-expansion-64-k/layers.6,124.0
0.9858007213088468,0.01419927869115328,49.48465610308712,0.961815327879521,0.003472222222222222,2.929310721810907e-05,0.2038845486111111,3758,18432,datablations/c4-filter-small,HuggingFaceTB/SmolLM2-135M,25,EQ,124M,32,64,smollm2-sparsify-EQ-124M-token-6_25-layers-32-expansion-64-k/layers.25,124.0
0.9730401147833373,0.026959885216662708,80.36005256926083,0.9279329434120934,0.013888888888888888,4.822530900128186e-05,0.11067708333333333,510,4608,GAIR/lima,HuggingFaceTB/SmolLM2-135M,25,INS,124M,8,64,smollm2-sparsify-INS-124M-token-6_25-layers-8-expansion-64-k/layers.25,124.0
0.9069414958012573,0.09305850419874277,1.6790183141176378,0.9538157546154235,0.006944439289653457,3.7110883567947894e-05,0.026584201388888888,245,9216,GAIR/lima,HuggingFaceTB/SmolLM2-135M,6,INS,124M,16,64,smollm2-sparsify-INS-124M-token-6_25-layers-16-expansion-64-k/layers.6,124.0
0.9833282039563747,0.016671796043625335,49.69406938207915,0.9612899997436912,0.003472222222222222,2.8162827220512554e-05,0.1565212673611111,2885,18432,GAIR/lima,HuggingFaceTB/SmolLM2-135M,25,INS,124M,32,64,smollm2-sparsify-INS-124M-token-6_25-layers-32-expansion-64-k/layers.25,124.0
0.9255951807711995,0.07440481922880048,1.461115753668337,0.9601343429346881,0.003472221665639348,2.7880256311618723e-05,0.0634765625,1170,18432,datablations/c4-filter-small,HuggingFaceTB/SmolLM2-135M,6,lmsys,124M,32,64,smollm2-sparsify-lmsys-124M-token-6_25-layers-32-expansion-64-k/layers.6,124.0
0.9840277381987367,0.015972261801263363,55.663523451823785,0.961144638276948,0.003472222222222222,2.8162827220512554e-05,0.21278211805555555,3922,18432,datablations/c4-filter-small,HuggingFaceTB/SmolLM2-135M,25,PRE,124M,32,64,smollm2-sparsify-PRE-124M-token-6_25-layers-32-expansion-64-k/layers.25,124.0
0.901045577236051,0.09895442276394893,1.9432056618665532,0.9467001239542493,0.006944444444444444,3.164785812259652e-05,0.03233506944444445,298,9216,datablations/c4-filter-small,HuggingFaceTB/SmolLM2-135M,6,lmsys,124M,16,64,smollm2-sparsify-lmsys-124M-token-6_25-layers-16-expansion-64-k/layers.6,124.0
0.9068824158513217,0.09311758414867836,1.8285854404778508,0.9505345351821906,0.006944427190375351,3.7110883567947894e-05,0.03895399305555555,359,9216,datablations/c4-filter-small,HuggingFaceTB/SmolLM2-135M,6,INS,124M,16,64,smollm2-sparsify-INS-124M-token-6_25-layers-16-expansion-64-k/layers.6,124.0
0.8632481190576807,0.1367518809423193,2.685448733826872,0.9233649726581786,0.013888878870397157,4.9732348998077214e-05,0.016276041666666668,75,4608,datablations/c4-filter-small,HuggingFaceTB/SmolLM2-135M,6,lmsys,124M,8,64,smollm2-sparsify-lmsys-124M-token-6_25-layers-8-expansion-64-k/layers.6,124.0
0.867880568064349,0.13211943193565104,2.3837794060929443,0.9313170523021713,0.013888888888888888,5.123938899487257e-05,0.014973958333333334,69,4608,GAIR/lima,HuggingFaceTB/SmolLM2-135M,6,INS,124M,8,64,smollm2-sparsify-INS-124M-token-6_25-layers-8-expansion-64-k/layers.6,124.0
0.9766299111491443,0.023370088850855716,69.65985031131883,0.9277569448129261,0.013888888888888888,5.2369672630447894e-05,0.13194444444444445,608,4608,GAIR/lima,HuggingFaceTB/SmolLM2-135M,25,PRE,124M,8,64,smollm2-sparsify-PRE-124M-token-6_25-layers-8-expansion-64-k/layers.25,124.0
0.9333854855694577,0.06661451443054234,1.3081345733551257,0.9640183746132928,0.0034718654526000132,3.4567750844871625e-05,0.0661892361111111,1220,18432,datablations/c4-filter-small,HuggingFaceTB/SmolLM2-135M,6,EQ,124M,32,64,smollm2-sparsify-EQ-124M-token-6_25-layers-32-expansion-64-k/layers.6,124.0
0.9777298296764441,0.022270170323555973,66.38129367187581,0.9516733550295143,0.006944444444444444,3.7487643567146733e-05,0.15418836805555555,1421,9216,GAIR/lima,HuggingFaceTB/SmolLM2-135M,25,EQ,124M,16,64,smollm2-sparsify-EQ-124M-token-6_25-layers-16-expansion-64-k/layers.25,124.0
0.8661601024278396,0.13383989757216047,2.41482109688071,0.930391102769129,0.013888888888888888,5.2746432629646733e-05,0.016276041666666668,75,4608,GAIR/lima,HuggingFaceTB/SmolLM2-135M,6,PRE,124M,8,64,smollm2-sparsify-PRE-124M-token-6_25-layers-8-expansion-64-k/layers.6,124.0
0.9307344109380764,0.06926558906192362,1.2497320215328294,0.965397951121531,0.0034722212849874973,2.7880256311618723e-05,0.04676649305555555,862,18432,GAIR/lima,HuggingFaceTB/SmolLM2-135M,6,lmsys,124M,32,64,smollm2-sparsify-lmsys-124M-token-6_25-layers-32-expansion-64-k/layers.6,124.0
0.9082035953105451,0.09179640468945496,1.656246744677757,0.9537110689035462,0.006944434603479831,3.560383993317373e-05,0.024522569444444444,226,9216,GAIR/lima,HuggingFaceTB/SmolLM2-135M,6,EQ,124M,16,64,smollm2-sparsify-EQ-124M-token-6_25-layers-16-expansion-64-k/layers.6,124.0
0.9340925660757515,0.06590743392424842,1.1891421374985545,0.9667234731664116,0.003472003143605234,3.4567750844871625e-05,0.047797309027777776,881,18432,GAIR/lima,HuggingFaceTB/SmolLM2-135M,6,EQ,124M,32,64,smollm2-sparsify-EQ-124M-token-6_25-layers-32-expansion-64-k/layers.6,124.0
0.9797949681342563,0.020205031865743756,70.41477776270328,0.9522655844750175,0.006944444444444444,3.7487643567146733e-05,0.1865234375,1719,9216,datablations/c4-filter-small,HuggingFaceTB/SmolLM2-135M,25,EQ,124M,16,64,smollm2-sparsify-EQ-124M-token-6_25-layers-16-expansion-64-k/layers.25,124.0
0.8687371258912981,0.1312628741087019,2.5776590175192604,0.927522310506415,0.013888863286076686,5.6137272622436285e-05,0.020399305555555556,94,4608,datablations/c4-filter-small,HuggingFaceTB/SmolLM2-135M,6,EQ,124M,8,64,smollm2-sparsify-EQ-124M-token-6_25-layers-8-expansion-64-k/layers.6,124.0
0.9799177728891868,0.020082227110813197,59.859632686246,0.9503871631769455,0.006944444444444444,3.522707993397489e-05,0.14485677083333334,1335,9216,GAIR/lima,HuggingFaceTB/SmolLM2-135M,25,INS,124M,16,64,smollm2-sparsify-INS-124M-token-6_25-layers-16-expansion-64-k/layers.25,124.0
0.9800111701326505,0.019988829867349497,59.58124101898742,0.9512927527650021,0.006944444444444444,3.9183061744552106e-05,0.1587456597222222,1463,9216,GAIR/lima,HuggingFaceTB/SmolLM2-135M,25,PRE,124M,16,64,smollm2-sparsify-PRE-124M-token-6_25-layers-16-expansion-64-k/layers.25,124.0
0.9694427976488377,0.030557202351162317,91.08267218405145,0.928333427521277,0.013888888888888888,4.144362537772395e-05,0.12456597222222222,574,4608,GAIR/lima,HuggingFaceTB/SmolLM2-135M,25,EQ,124M,8,64,smollm2-sparsify-EQ-124M-token-6_25-layers-8-expansion-64-k/layers.25,124.0
0.9316628595440883,0.06833714045591169,1.341962436246727,0.9634211371815626,0.003472080015297925,2.9104727218509652e-05,0.06825086805555555,1258,18432,datablations/c4-filter-small,HuggingFaceTB/SmolLM2-135M,6,INS,124M,32,64,smollm2-sparsify-INS-124M-token-6_25-layers-32-expansion-64-k/layers.6,124.0
0.9758001924237669,0.024199807576233023,84.33661890282326,0.9242459629476254,0.013888888888888888,5.1992912631249055e-05,0.13020833333333334,600,4608,datablations/c4-filter-small,HuggingFaceTB/SmolLM2-135M,25,lmsys,124M,8,64,smollm2-sparsify-lmsys-124M-token-6_25-layers-8-expansion-64-k/layers.25,124.0
0.983739752408446,0.016260247591553964,56.66715737612903,0.9589533176022553,0.003472222222222222,2.8539587219711393e-05,0.19775390625,3645,18432,datablations/c4-filter-small,HuggingFaceTB/SmolLM2-135M,25,lmsys,124M,32,64,smollm2-sparsify-lmsys-124M-token-6_25-layers-32-expansion-64-k/layers.25,124.0
0.9804707778882243,0.019529222111775654,58.21127586140853,0.9525645712813297,0.003472222222222222,3.739345265785232e-05,0.1633029513888889,3010,18432,GAIR/lima,HuggingFaceTB/SmolLM2-135M,25,PRE,249M,32,64,smollm2-sparsify-PRE-249M-token-6_25-layers-32-expansion-64-k/layers.25,249.0
0.7907423515983899,0.20925764840161012,4.109272085118291,0.8755078617637929,0.013888875530899914,0.0004573869227897376,0.018663194444444444,86,4608,datablations/c4-filter-small,HuggingFaceTB/SmolLM2-135M,6,INS,249M,8,64,smollm2-sparsify-INS-249M-token-6_25-layers-8-expansion-64-k/layers.6,249.0
0.9074942079261425,0.0925057920738575,1.8165714466565448,0.9505608108692182,0.0034722007937815747,3.767602174775675e-05,0.06526692708333333,1203,18432,datablations/c4-filter-small,HuggingFaceTB/SmolLM2-135M,6,lmsys,249M,32,64,smollm2-sparsify-lmsys-249M-token-6_25-layers-32-expansion-64-k/layers.6,249.0
0.8621473626276566,0.1378526373723434,2.487221396802863,0.9280393963395086,0.006944444444444444,5.5760512623237446e-05,0.0263671875,243,9216,GAIR/lima,HuggingFaceTB/SmolLM2-135M,6,EQ,249M,16,64,smollm2-sparsify-EQ-249M-token-6_25-layers-16-expansion-64-k/layers.6,249.0
0.9813290063646518,0.018670993635348167,55.653131235498776,0.9546041201272383,0.003472222222222222,3.475613266346045e-05,0.1531032986111111,2822,18432,GAIR/lima,HuggingFaceTB/SmolLM2-135M,25,EQ,249M,32,64,smollm2-sparsify-EQ-249M-token-6_25-layers-32-expansion-64-k/layers.25,249.0
0.9583644353100336,0.04163556468996644,145.10044102623954,0.8917865411435885,0.013888888888888888,0.0003918306319974363,0.1408420138888889,649,4608,datablations/c4-filter-small,HuggingFaceTB/SmolLM2-135M,25,EQ,249M,8,64,smollm2-sparsify-EQ-249M-token-6_25-layers-8-expansion-64-k/layers.25,249.0
0.9112066079974352,0.08879339200256481,1.6020645574372672,0.9558360212093153,0.0034721887160808003,3.767602174775675e-05,0.047526041666666664,876,18432,GAIR/lima,HuggingFaceTB/SmolLM2-135M,6,lmsys,249M,32,64,smollm2-sparsify-lmsys-249M-token-6_25-layers-32-expansion-64-k/layers.6,249.0
0.9149698260416943,0.08503017395830575,1.6697698885013827,0.9546909950179199,0.0034719892922894695,3.475613266346045e-05,0.061089409722222224,1126,18432,datablations/c4-filter-small,HuggingFaceTB/SmolLM2-135M,6,EQ,249M,32,64,smollm2-sparsify-EQ-249M-token-6_25-layers-32-expansion-64-k/layers.6,249.0
0.9539085188025207,0.04609148119747925,137.38611356309875,0.8899097631539186,0.013888878579306914,0.0003918306319974363,0.1252170138888889,577,4608,GAIR/lima,HuggingFaceTB/SmolLM2-135M,25,EQ,249M,8,64,smollm2-sparsify-EQ-249M-token-6_25-layers-8-expansion-64-k/layers.25,249.0
0.9741786000636645,0.025821399936335497,76.96653897522374,0.9305160353010626,0.006944444444444444,7.761260349070653e-05,0.1257595486111111,1159,9216,GAIR/lima,HuggingFaceTB/SmolLM2-135M,25,lmsys,249M,16,64,smollm2-sparsify-lmsys-249M-token-6_25-layers-16-expansion-64-k/layers.25,249.0
0.913166322566663,0.086833677433337,1.566706191423244,0.9572328270894118,0.003472109754055212,3.43793690262828e-05,0.04953342013888889,913,18432,GAIR/lima,HuggingFaceTB/SmolLM2-135M,6,PRE,249M,32,64,smollm2-sparsify-PRE-249M-token-6_25-layers-32-expansion-64-k/layers.6,249.0
0.9763102213356014,0.023689778664398614,82.55916204366027,0.9278290969769806,0.006944444444444444,7.761260349070653e-05,0.15462239583333334,1425,9216,datablations/c4-filter-small,HuggingFaceTB/SmolLM2-135M,25,lmsys,249M,16,64,smollm2-sparsify-lmsys-249M-token-6_25-layers-16-expansion-64-k/layers.25,249.0
0.9822470267480246,0.017752973251975408,61.86932416001158,0.9547106136180633,0.003472222222222222,3.824116356554441e-05,0.2123480902777778,3914,18432,datablations/c4-filter-small,HuggingFaceTB/SmolLM2-135M,25,INS,249M,32,64,smollm2-sparsify-INS-249M-token-6_25-layers-32-expansion-64-k/layers.25,249.0
0.9673258069651202,0.03267419303487986,113.86995360435384,0.8870876849100017,0.013888888888888888,0.00037412290112115443,0.12760416666666666,588,4608,datablations/c4-filter-small,HuggingFaceTB/SmolLM2-135M,25,lmsys,249M,8,64,smollm2-sparsify-lmsys-249M-token-6_25-layers-8-expansion-64-k/layers.25,249.0
0.971238342025949,0.028761657974050964,85.7306449266828,0.9330018634733785,0.006944444444444444,5.7079174439422786e-05,0.16048177083333334,1479,9216,GAIR/lima,HuggingFaceTB/SmolLM2-135M,25,PRE,249M,16,64,smollm2-sparsify-PRE-249M-token-6_25-layers-16-expansion-64-k/layers.25,249.0
0.9798428300438975,0.02015716995610254,60.08301683416587,0.9539693131831608,0.003472222222222222,3.6263172660255805e-05,0.1496853298611111,2759,18432,GAIR/lima,HuggingFaceTB/SmolLM2-135M,25,lmsys,249M,32,64,smollm2-sparsify-lmsys-249M-token-6_25-layers-32-expansion-64-k/layers.25,249.0
0.7828365782271196,0.21716342177288037,3.9181949618962943,0.8791107812365903,0.013888868269724937,0.0004573869227897376,0.013020833333333334,60,4608,GAIR/lima,HuggingFaceTB/SmolLM2-135M,6,INS,249M,8,64,smollm2-sparsify-INS-249M-token-6_25-layers-8-expansion-64-k/layers.6,249.0
0.9627937991784811,0.03720620082151896,110.90152016195601,0.890769374410372,0.013888883265480538,0.00037713698111474514,0.11436631944444445,527,4608,GAIR/lima,HuggingFaceTB/SmolLM2-135M,25,PRE,249M,8,64,smollm2-sparsify-PRE-249M-token-6_25-layers-8-expansion-64-k/layers.25,249.0
0.9765599619384403,0.02344003806155971,81.68881305514716,0.9297507872617046,0.006944444444444444,5.933973443461582e-05,0.1662326388888889,1532,9216,datablations/c4-filter-small,HuggingFaceTB/SmolLM2-135M,25,INS,249M,16,64,smollm2-sparsify-INS-249M-token-6_25-layers-16-expansion-64-k/layers.25,249.0
0.9646744865281037,0.03532551347189631,105.29570496402587,0.8941423992413319,0.013888888888888888,0.0003372004139237106,0.11957465277777778,551,4608,GAIR/lima,HuggingFaceTB/SmolLM2-135M,25,INS,249M,8,64,smollm2-sparsify-INS-249M-token-6_25-layers-8-expansion-64-k/layers.25,249.0
0.983371867842461,0.016628132157539013,57.94923948954976,0.9550550413289354,0.003472222222222222,3.475613266346045e-05,0.1984592013888889,3658,18432,datablations/c4-filter-small,HuggingFaceTB/SmolLM2-135M,25,EQ,249M,32,64,smollm2-sparsify-EQ-249M-token-6_25-layers-32-expansion-64-k/layers.25,249.0
0.9812433100214782,0.01875668997852176,65.36728895937904,0.9513861465109349,0.003472222222222222,3.6263172660255805e-05,0.1933051215277778,3563,18432,datablations/c4-filter-small,HuggingFaceTB/SmolLM2-135M,25,lmsys,249M,32,64,smollm2-sparsify-lmsys-249M-token-6_25-layers-32-expansion-64-k/layers.25,249.0
0.8663101985670599,0.13368980143294004,2.625317513073805,0.9254586717858406,0.006944444444444444,5.5760512623237446e-05,0.03493923611111111,322,9216,datablations/c4-filter-small,HuggingFaceTB/SmolLM2-135M,6,EQ,249M,16,64,smollm2-sparsify-EQ-249M-token-6_25-layers-16-expansion-64-k/layers.6,249.0
0.8597404269740032,0.14025957302599676,2.7543306183015677,0.9230274302083362,0.006944443331278696,5.9151356254005805e-05,0.0341796875,315,9216,datablations/c4-filter-small,HuggingFaceTB/SmolLM2-135M,6,lmsys,249M,16,64,smollm2-sparsify-lmsys-249M-token-6_25-layers-16-expansion-64-k/layers.6,249.0
0.7713251946543888,0.22867480534561127,4.125890368198658,0.8720075615924893,0.013888888888888888,0.000486397446366027,0.016927083333333332,78,4608,GAIR/lima,HuggingFaceTB/SmolLM2-135M,6,PRE,249M,8,64,smollm2-sparsify-PRE-249M-token-6_25-layers-8-expansion-64-k/layers.6,249.0
0.8600689324380077,0.13993106756199222,2.524721702477049,0.9281907644276052,0.006944438821036094,5.9151356254005805e-05,0.024197048611111112,223,9216,GAIR/lima,HuggingFaceTB/SmolLM2-135M,6,lmsys,249M,16,64,smollm2-sparsify-lmsys-249M-token-6_25-layers-16-expansion-64-k/layers.6,249.0
0.9143951625865097,0.08560483741349029,1.5445347099857507,0.9574889257706815,0.0034721697370776175,3.5792221751762554e-05,0.047797309027777776,881,18432,GAIR/lima,HuggingFaceTB/SmolLM2-135M,6,INS,249M,32,64,smollm2-sparsify-INS-249M-token-6_25-layers-32-expansion-64-k/layers.6,249.0
0.9741113102151482,0.025888689784851784,90.22239360377279,0.9344635173293777,0.006944444444444444,5.7079174439422786e-05,0.1867404513888889,1721,9216,datablations/c4-filter-small,HuggingFaceTB/SmolLM2-135M,25,PRE,249M,16,64,smollm2-sparsify-PRE-249M-token-6_25-layers-16-expansion-64-k/layers.25,249.0
0.8623672547777999,0.13763274522220015,2.4832539684587243,0.9284912517929654,0.006944443507209719,6.0846778069389984e-05,0.025065104166666668,231,9216,GAIR/lima,HuggingFaceTB/SmolLM2-135M,6,PRE,249M,16,64,smollm2-sparsify-PRE-249M-token-6_25-layers-16-expansion-64-k/layers.6,249.0
0.9827461476493718,0.01725385235062812,60.129881847887525,0.9536119871426384,0.003472222222222222,3.739345265785232e-05,0.20458984375,3771,18432,datablations/c4-filter-small,HuggingFaceTB/SmolLM2-135M,25,PRE,249M,32,64,smollm2-sparsify-PRE-249M-token-6_25-layers-32-expansion-64-k/layers.25,249.0
0.9776457812687793,0.022354218731220645,77.90471969937764,0.9344520590906805,0.006944444444444444,5.444185444503091e-05,0.17578125,1620,9216,datablations/c4-filter-small,HuggingFaceTB/SmolLM2-135M,25,EQ,249M,16,64,smollm2-sparsify-EQ-249M-token-6_25-layers-16-expansion-64-k/layers.25,249.0
0.771267536182981,0.2287324638170189,4.126930677521175,0.8712339394753005,0.013888888888888888,0.00047245732275769114,0.017361111111111112,80,4608,GAIR/lima,HuggingFaceTB/SmolLM2-135M,6,EQ,249M,8,64,smollm2-sparsify-EQ-249M-token-6_25-layers-8-expansion-64-k/layers.6,249.0
0.9143935668028866,0.08560643319711335,1.5445635020875748,0.9574910582236572,0.003472099913090599,3.475613266346045e-05,0.04600694444444445,848,18432,GAIR/lima,HuggingFaceTB/SmolLM2-135M,6,EQ,249M,32,64,smollm2-sparsify-EQ-249M-token-6_25-layers-32-expansion-64-k/layers.6,249.0
0.968809370819199,0.03119062918080097,108.6997158251768,0.895077128022771,0.013888888888888888,0.0003372004139237106,0.13997395833333334,645,4608,datablations/c4-filter-small,HuggingFaceTB/SmolLM2-135M,25,INS,249M,8,64,smollm2-sparsify-INS-249M-token-6_25-layers-8-expansion-64-k/layers.25,249.0
0.9144643929346314,0.08553560706536856,1.6796952707926032,0.954965959466843,0.0034720157299759826,3.43793690262828e-05,0.0654296875,1206,18432,datablations/c4-filter-small,HuggingFaceTB/SmolLM2-135M,6,PRE,249M,32,64,smollm2-sparsify-PRE-249M-token-6_25-layers-32-expansion-64-k/layers.6,249.0
0.78282284244755,0.21717715755245,4.264790500478323,0.8696264659080069,0.013888885549391645,0.00047245732275769114,0.021267361111111112,98,4608,datablations/c4-filter-small,HuggingFaceTB/SmolLM2-135M,6,EQ,249M,8,64,smollm2-sparsify-EQ-249M-token-6_25-layers-8-expansion-64-k/layers.6,249.0
0.913732747823141,0.08626725217685906,1.6940628643110538,0.9540048497648174,0.003472125376802153,3.5792221751762554e-05,0.06548394097222222,1207,18432,datablations/c4-filter-small,HuggingFaceTB/SmolLM2-135M,6,INS,249M,32,64,smollm2-sparsify-INS-249M-token-6_25-layers-32-expansion-64-k/layers.6,249.0
0.8675240254199129,0.13247597458008706,2.6014811331818604,0.9266994750632661,0.006944444444444444,6.0846778069389984e-05,0.03591579861111111,331,9216,datablations/c4-filter-small,HuggingFaceTB/SmolLM2-135M,6,PRE,249M,16,64,smollm2-sparsify-PRE-249M-token-6_25-layers-16-expansion-64-k/layers.6,249.0
0.9640566792589208,0.03594332074107915,107.13721965261661,0.8912239934142235,0.013888888888888888,0.00037412290112115443,0.11371527777777778,524,4608,GAIR/lima,HuggingFaceTB/SmolLM2-135M,25,lmsys,249M,8,64,smollm2-sparsify-lmsys-249M-token-6_25-layers-8-expansion-64-k/layers.25,249.0
0.7799919961985717,0.2200080038014282,3.9695186465295818,0.8772506104759289,0.013888845776091535,0.000368094741133973,0.014973958333333334,69,4608,GAIR/lima,HuggingFaceTB/SmolLM2-135M,6,lmsys,249M,8,64,smollm2-sparsify-lmsys-249M-token-6_25-layers-8-expansion-64-k/layers.6,249.0
0.7828817296160451,0.21711827038395493,4.26363411073813,0.8705172337586451,0.013888886662557392,0.000486397446366027,0.021701388888888888,100,4608,datablations/c4-filter-small,HuggingFaceTB/SmolLM2-135M,6,PRE,249M,8,64,smollm2-sparsify-PRE-249M-token-6_25-layers-8-expansion-64-k/layers.6,249.0
0.7843306162923144,0.21566938370768565,4.235181771629997,0.8711377200356966,0.01388887219140267,0.000368094741133973,0.019965277777777776,92,4608,datablations/c4-filter-small,HuggingFaceTB/SmolLM2-135M,6,lmsys,249M,8,64,smollm2-sparsify-lmsys-249M-token-6_25-layers-8-expansion-64-k/layers.6,249.0
0.8614574719969025,0.1385425280030975,2.4996688245124297,0.9287376847874742,0.006944444444444444,5.594889444182627e-05,0.026475694444444444,244,9216,GAIR/lima,HuggingFaceTB/SmolLM2-135M,6,INS,249M,16,64,smollm2-sparsify-INS-249M-token-6_25-layers-16-expansion-64-k/layers.6,249.0
0.9737022585659909,0.026297741434009085,78.38638284645475,0.9297371538173348,0.006944444444444444,5.933973443461582e-05,0.13682725694444445,1261,9216,GAIR/lima,HuggingFaceTB/SmolLM2-135M,25,INS,249M,16,64,smollm2-sparsify-INS-249M-token-6_25-layers-16-expansion-64-k/layers.25,249.0
0.9802135102116312,0.019786489788368875,58.978120521512096,0.9548895511534444,0.003472222222222222,3.824116356554441e-05,0.15852864583333334,2922,18432,GAIR/lima,HuggingFaceTB/SmolLM2-135M,25,INS,249M,32,64,smollm2-sparsify-INS-249M-token-6_25-layers-32-expansion-64-k/layers.25,249.0
0.967523970178145,0.032476029821855074,113.17935243635762,0.8932646801912685,0.013888888888888888,0.00037713698111474514,0.1265190972222222,583,4608,datablations/c4-filter-small,HuggingFaceTB/SmolLM2-135M,25,PRE,249M,8,64,smollm2-sparsify-PRE-249M-token-6_25-layers-8-expansion-64-k/layers.25,249.0
0.974651035042556,0.02534896495744403,75.55833936924725,0.9335872577607297,0.006944444444444444,5.444185444503091e-05,0.14659288194444445,1351,9216,GAIR/lima,HuggingFaceTB/SmolLM2-135M,25,EQ,249M,16,64,smollm2-sparsify-EQ-249M-token-6_25-layers-16-expansion-64-k/layers.25,249.0
0.8647715207101945,0.13522847928980555,2.6555331157698276,0.9256615106583087,0.006944444444444444,5.594889444182627e-05,0.035698784722222224,329,9216,datablations/c4-filter-small,HuggingFaceTB/SmolLM2-135M,6,INS,249M,16,64,smollm2-sparsify-INS-249M-token-6_25-layers-16-expansion-64-k/layers.6,249.0
0.7920238588165449,0.20797614118345503,4.084106640133763,0.8768895037429139,0.006944435539118461,0.00023020050139166415,0.03591579861111111,331,9216,datablations/c4-filter-small,HuggingFaceTB/SmolLM2-135M,6,PRE,419M,16,64,smollm2-sparsify-PRE-419M-token-6_25-layers-16-expansion-64-k/layers.6,419.0
0.9555610885544403,0.04443891144555972,154.87013800561274,0.8554794302084018,0.013888888888888888,0.00018913362873718143,0.13346354166666666,615,4608,datablations/c4-filter-small,HuggingFaceTB/SmolLM2-135M,25,INS,419M,8,64,smollm2-sparsify-INS-419M-token-6_25-layers-8-expansion-64-k/layers.25,419.0
0.9683967309378667,0.031603269062133316,110.1377707479858,0.9013023612175177,0.006944444444444444,0.00036941340658813715,0.15787760416666666,1455,9216,datablations/c4-filter-small,HuggingFaceTB/SmolLM2-135M,25,INS,419M,16,64,smollm2-sparsify-INS-419M-token-6_25-layers-16-expansion-64-k/layers.25,419.0
0.781892695514723,0.21810730448527701,3.935225069720813,0.8789443211673338,0.006944442101357632,0.00023020050139166415,0.026801215277777776,247,9216,GAIR/lima,HuggingFaceTB/SmolLM2-135M,6,PRE,419M,16,64,smollm2-sparsify-PRE-419M-token-6_25-layers-16-expansion-64-k/layers.6,419.0
0.9468937045836217,0.05310629541637833,158.29535834897504,0.8390486734068089,0.013888880453776363,0.0002000596869038418,0.1273871527777778,587,4608,GAIR/lima,HuggingFaceTB/SmolLM2-135M,25,EQ,419M,8,64,smollm2-sparsify-EQ-419M-token-6_25-layers-8-expansion-64-k/layers.25,419.0
0.9572282387995427,0.04277176120045736,149.06009945749497,0.8940428340782104,0.006944444444444444,0.000333809555741027,0.17860243055555555,1646,9216,datablations/c4-filter-small,HuggingFaceTB/SmolLM2-135M,25,PRE,419M,16,64,smollm2-sparsify-PRE-419M-token-6_25-layers-16-expansion-64-k/layers.25,419.0
0.7943132974179354,0.2056867025820645,4.039148062957982,0.8782039050062815,0.006944294167068475,0.00023811246501281857,0.033528645833333336,309,9216,datablations/c4-filter-small,HuggingFaceTB/SmolLM2-135M,6,EQ,419M,16,64,smollm2-sparsify-EQ-419M-token-6_25-layers-16-expansion-64-k/layers.6,419.0
0.8772914921749999,0.12270850782500003,2.213981771039535,0.939813279276495,0.003472211678331565,5.2840623538941145e-05,0.04909939236111111,905,18432,GAIR/lima,HuggingFaceTB/SmolLM2-135M,6,PRE,419M,32,64,smollm2-sparsify-PRE-419M-token-6_25-layers-32-expansion-64-k/layers.6,419.0
0.8776402864208076,0.1223597135791924,2.2076886124334267,0.939286695565431,0.0034721922307110195,4.916721081826836e-05,0.0498046875,918,18432,GAIR/lima,HuggingFaceTB/SmolLM2-135M,6,INS,419M,32,64,smollm2-sparsify-INS-419M-token-6_25-layers-32-expansion-64-k/layers.6,419.0
0.9815582834932444,0.018441716506755617,64.26960264228083,0.9416077043332984,0.003472222222222222,5.8209454437019303e-05,0.18782552083333334,3462,18432,datablations/c4-filter-small,HuggingFaceTB/SmolLM2-135M,25,lmsys,419M,32,64,smollm2-sparsify-lmsys-419M-token-6_25-layers-32-expansion-64-k/layers.25,419.0
0.791836968230889,0.20816303176911094,4.087776681694841,0.8790164045716488,0.006944413275803502,0.00023679379955865443,0.03428819444444445,316,9216,datablations/c4-filter-small,HuggingFaceTB/SmolLM2-135M,6,lmsys,419M,16,64,smollm2-sparsify-lmsys-419M-token-6_25-layers-16-expansion-64-k/layers.6,419.0
0.9082257743930734,0.09177422560692663,273.5538944252507,0.8447005182882159,0.013888881391011089,0.00014919704699423164,0.1286892361111111,593,4608,GAIR/lima,HuggingFaceTB/SmolLM2-135M,25,PRE,419M,8,64,smollm2-sparsify-PRE-419M-token-6_25-layers-8-expansion-64-k/layers.25,419.0
0.9534304008228741,0.046569599177125935,162.2956102393053,0.8406057256640087,0.013888888888888888,0.0002000596869038418,0.1391059027777778,641,4608,datablations/c4-filter-small,HuggingFaceTB/SmolLM2-135M,25,EQ,419M,8,64,smollm2-sparsify-EQ-419M-token-6_25-layers-8-expansion-64-k/layers.25,419.0
0.9468227109508078,0.05317728904919221,158.50697097340418,0.8273243287458341,0.013888886077184713,0.00016615126514807343,0.10980902777777778,506,4608,GAIR/lima,HuggingFaceTB/SmolLM2-135M,25,lmsys,419M,8,64,smollm2-sparsify-lmsys-419M-token-6_25-layers-8-expansion-64-k/layers.25,419.0
0.9620658217455096,0.03793417825449038,113.07142201104334,0.8916033363608148,0.006944444444444444,0.00040407534106634557,0.14680989583333334,1353,9216,GAIR/lima,HuggingFaceTB/SmolLM2-135M,25,EQ,419M,16,64,smollm2-sparsify-EQ-419M-token-6_25-layers-16-expansion-64-k/layers.25,419.0
0.8777998773289198,0.12220012267108012,2.3996903182557054,0.932791997872226,0.0034720903120810933,4.652988718589768e-05,0.06510416666666667,1200,18432,datablations/c4-filter-small,HuggingFaceTB/SmolLM2-135M,6,lmsys,419M,32,64,smollm2-sparsify-lmsys-419M-token-6_25-layers-32-expansion-64-k/layers.6,419.0
0.6173375866912907,0.3826624133087093,6.904228749450026,0.7751673787817202,0.013888859834612412,0.00021098573051858693,0.014973958333333334,69,4608,GAIR/lima,HuggingFaceTB/SmolLM2-135M,6,lmsys,419M,8,64,smollm2-sparsify-lmsys-419M-token-6_25-layers-8-expansion-64-k/layers.6,419.0
0.9782573536209552,0.02174264637904481,75.77338273587169,0.9423578601221828,0.003472222222222222,4.8978828999679536e-05,0.19807942708333334,3651,18432,datablations/c4-filter-small,HuggingFaceTB/SmolLM2-135M,25,EQ,419M,32,64,smollm2-sparsify-EQ-419M-token-6_25-layers-32-expansion-64-k/layers.25,419.0
0.8821448385041096,0.1178551614958904,2.3143666619663876,0.9374940921228204,0.003471824822050214,4.8978828999679536e-05,0.06391059027777778,1178,18432,datablations/c4-filter-small,HuggingFaceTB/SmolLM2-135M,6,EQ,419M,32,64,smollm2-sparsify-EQ-419M-token-6_25-layers-32-expansion-64-k/layers.6,419.0
0.9643164492574487,0.035683550742551286,106.36291625444359,0.9007161194565312,0.006944444444444444,0.00036941340658813715,0.1277126736111111,1177,9216,GAIR/lima,HuggingFaceTB/SmolLM2-135M,25,INS,419M,16,64,smollm2-sparsify-INS-419M-token-6_25-layers-16-expansion-64-k/layers.25,419.0
0.9521846166160562,0.04781538338394378,142.52459502231994,0.8919877316154606,0.006944444444444444,0.000333809555741027,0.1513671875,1395,9216,GAIR/lima,HuggingFaceTB/SmolLM2-135M,25,PRE,419M,16,64,smollm2-sparsify-PRE-419M-token-6_25-layers-16-expansion-64-k/layers.25,419.0
0.7852502137097761,0.21474978629022384,3.874646677793967,0.88079921055649,0.006944442569974995,0.000249792035901919,0.027452256944444444,253,9216,GAIR/lima,HuggingFaceTB/SmolLM2-135M,6,INS,419M,16,64,smollm2-sparsify-INS-419M-token-6_25-layers-16-expansion-64-k/layers.6,419.0
0.6128019594026823,0.3871980405973177,6.986063304487803,0.7699622196110737,0.013888554296092034,0.00018461250874679536,0.017361111111111112,80,4608,GAIR/lima,HuggingFaceTB/SmolLM2-135M,6,PRE,419M,8,64,smollm2-sparsify-PRE-419M-token-6_25-layers-8-expansion-64-k/layers.6,419.0
0.7934817835866372,0.20651821641336277,4.05547681653733,0.8774775141990984,0.006944444444444444,0.000249792035901919,0.03797743055555555,350,9216,datablations/c4-filter-small,HuggingFaceTB/SmolLM2-135M,6,INS,419M,16,64,smollm2-sparsify-INS-419M-token-6_25-layers-16-expansion-64-k/layers.6,419.0
0.6424657395641002,0.35753426043589975,7.021036349710557,0.7722496506976447,0.013888867738739678,0.000181221665116027,0.021484375,99,4608,datablations/c4-filter-small,HuggingFaceTB/SmolLM2-135M,6,EQ,419M,8,64,smollm2-sparsify-EQ-419M-token-6_25-layers-8-expansion-64-k/layers.6,419.0
0.7856535523735201,0.21434644762647995,3.8673693955181694,0.8811424486318338,0.006944331507660072,0.00023811246501281857,0.023871527777777776,220,9216,GAIR/lima,HuggingFaceTB/SmolLM2-135M,6,EQ,419M,16,64,smollm2-sparsify-EQ-419M-token-6_25-layers-16-expansion-64-k/layers.6,419.0
0.952399302815181,0.04760069718481899,165.88899913102827,0.8219450071846618,0.013888888888888888,0.00016615126514807343,0.1267361111111111,584,4608,datablations/c4-filter-small,HuggingFaceTB/SmolLM2-135M,25,lmsys,419M,8,64,smollm2-sparsify-lmsys-419M-token-6_25-layers-8-expansion-64-k/layers.25,419.0
0.6401007664214429,0.3598992335785571,7.067478227421639,0.7735555986647749,0.013888888888888888,0.00020533431961666793,0.019097222222222224,88,4608,datablations/c4-filter-small,HuggingFaceTB/SmolLM2-135M,6,INS,419M,8,64,smollm2-sparsify-INS-419M-token-6_25-layers-8-expansion-64-k/layers.6,419.0
0.9671204718291028,0.032879528170897246,114.58554900977622,0.8927383046476323,0.006944444444444444,0.00040407534106634557,0.17513020833333334,1614,9216,datablations/c4-filter-small,HuggingFaceTB/SmolLM2-135M,25,EQ,419M,16,64,smollm2-sparsify-EQ-419M-token-6_25-layers-16-expansion-64-k/layers.25,419.0
0.6193332877787687,0.38066671222123133,6.868221092715895,0.7736763487098617,0.013888878579306914,0.000181221665116027,0.016710069444444444,77,4608,GAIR/lima,HuggingFaceTB/SmolLM2-135M,6,EQ,419M,8,64,smollm2-sparsify-EQ-419M-token-6_25-layers-8-expansion-64-k/layers.6,419.0
0.8796778860585519,0.12032211394144807,2.1709249964902164,0.940155352407145,0.003471990959553808,4.8978828999679536e-05,0.04665798611111111,860,18432,GAIR/lima,HuggingFaceTB/SmolLM2-135M,6,EQ,419M,32,64,smollm2-sparsify-EQ-419M-token-6_25-layers-32-expansion-64-k/layers.6,419.0
0.913268607973339,0.08673139202666108,302.25993877107044,0.8421765193089398,0.013888886662557392,0.00014919704699423164,0.14344618055555555,661,4608,datablations/c4-filter-small,HuggingFaceTB/SmolLM2-135M,25,PRE,419M,8,64,smollm2-sparsify-PRE-419M-token-6_25-layers-8-expansion-64-k/layers.25,419.0
0.6184349345586974,0.38156506544130264,6.884429729659219,0.7760235051919572,0.013888888888888888,0.00020533431961666793,0.013671875,63,4608,GAIR/lima,HuggingFaceTB/SmolLM2-135M,6,INS,419M,8,64,smollm2-sparsify-INS-419M-token-6_25-layers-8-expansion-64-k/layers.6,419.0
0.9481813962500962,0.05181860374990374,180.58845396870353,0.9409024932230007,0.003472222222222222,4.6435696276603267e-05,0.20985243055555555,3868,18432,datablations/c4-filter-small,HuggingFaceTB/SmolLM2-135M,25,INS,419M,32,64,smollm2-sparsify-INS-419M-token-6_25-layers-32-expansion-64-k/layers.25,419.0
0.8791751582651717,0.12082484173482831,2.372683403078638,0.9358905976735805,0.0034721573803174056,4.916721081826836e-05,0.06684027777777778,1232,18432,datablations/c4-filter-small,HuggingFaceTB/SmolLM2-135M,6,INS,419M,32,64,smollm2-sparsify-INS-419M-token-6_25-layers-32-expansion-64-k/layers.6,419.0
0.635784676400243,0.364215323599757,7.152234929871699,0.7677643698729558,0.013888580541976715,0.00018461250874679536,0.021267361111111112,98,4608,datablations/c4-filter-small,HuggingFaceTB/SmolLM2-135M,6,PRE,419M,8,64,smollm2-sparsify-PRE-419M-token-6_25-layers-8-expansion-64-k/layers.6,419.0
0.9797674523373129,0.02023254766268714,60.30769718480568,0.9443467815339857,0.003472222222222222,5.8209454437019303e-05,0.14659288194444445,2702,18432,GAIR/lima,HuggingFaceTB/SmolLM2-135M,25,lmsys,419M,32,64,smollm2-sparsify-lmsys-419M-token-6_25-layers-32-expansion-64-k/layers.25,419.0
0.8793727237439741,0.12062727625602593,2.176430921170249,0.9380824108530749,0.0034721292016757577,4.652988718589768e-05,0.048828125,900,18432,GAIR/lima,HuggingFaceTB/SmolLM2-135M,6,lmsys,419M,32,64,smollm2-sparsify-lmsys-419M-token-6_25-layers-32-expansion-64-k/layers.6,419.0
0.6341219112481086,0.36587808875189143,7.1848872820125385,0.7692490202034277,0.013888864399242435,0.00021098573051858693,0.020182291666666668,93,4608,datablations/c4-filter-small,HuggingFaceTB/SmolLM2-135M,6,lmsys,419M,8,64,smollm2-sparsify-lmsys-419M-token-6_25-layers-8-expansion-64-k/layers.6,419.0
0.9775686345141652,0.022431365485834746,78.17357706210596,0.9414216793015415,0.003472222222222222,4.737759809358977e-05,0.2060004340277778,3797,18432,datablations/c4-filter-small,HuggingFaceTB/SmolLM2-135M,25,PRE,419M,32,64,smollm2-sparsify-PRE-419M-token-6_25-layers-32-expansion-64-k/layers.25,419.0
0.7877239545713582,0.21227604542864176,3.8300139357706584,0.8845620390020988,0.006944426168367305,0.00023679379955865443,0.023220486111111112,214,9216,GAIR/lima,HuggingFaceTB/SmolLM2-135M,6,lmsys,419M,16,64,smollm2-sparsify-lmsys-419M-token-6_25-layers-16-expansion-64-k/layers.6,419.0
0.8800857791505019,0.11991422084949815,2.354801194171123,0.9371423452081798,0.0034721854877525406,5.2840623538941145e-05,0.0646701388888889,1192,18432,datablations/c4-filter-small,HuggingFaceTB/SmolLM2-135M,6,PRE,419M,32,64,smollm2-sparsify-PRE-419M-token-6_25-layers-32-expansion-64-k/layers.6,419.0
0.9495438003903779,0.05045619960962209,150.3961467376108,0.8542994192036443,0.013888888888888888,0.00018913362873718143,0.1193576388888889,550,4608,GAIR/lima,HuggingFaceTB/SmolLM2-135M,25,INS,419M,8,64,smollm2-sparsify-INS-419M-token-6_25-layers-8-expansion-64-k/layers.25,419.0
0.9683173354473205,0.03168266455267953,110.41446498233893,0.8887853175459778,0.006944444444444444,0.0003856140829157084,0.1548394097222222,1427,9216,datablations/c4-filter-small,HuggingFaceTB/SmolLM2-135M,25,lmsys,419M,16,64,smollm2-sparsify-lmsys-419M-token-6_25-layers-16-expansion-64-k/layers.25,419.0
0.9649883972393918,0.035011602760608225,104.36002289199784,0.8932104704486061,0.006944444444444444,0.0003856140829157084,0.12630208333333334,1164,9216,GAIR/lima,HuggingFaceTB/SmolLM2-135M,25,lmsys,419M,16,64,smollm2-sparsify-lmsys-419M-token-6_25-layers-16-expansion-64-k/layers.25,419.0
0.9755853817228269,0.024414618277173058,72.77330717266788,0.9414100775738892,0.003472222222222222,4.8978828999679536e-05,0.1520724826388889,2803,18432,GAIR/lima,HuggingFaceTB/SmolLM2-135M,25,EQ,419M,32,64,smollm2-sparsify-EQ-419M-token-6_25-layers-32-expansion-64-k/layers.25,419.0
0.9456174432067007,0.054382556793299335,162.09954484744355,0.9402861168419695,0.003472222222222222,4.6435696276603267e-05,0.1601019965277778,2951,18432,GAIR/lima,HuggingFaceTB/SmolLM2-135M,25,INS,419M,32,64,smollm2-sparsify-INS-419M-token-6_25-layers-32-expansion-64-k/layers.25,419.0
0.9747819856380814,0.025218014361918593,75.16801141881902,0.9405101871893803,0.003472222222222222,4.737759809358977e-05,0.16661241319444445,3071,18432,GAIR/lima,HuggingFaceTB/SmolLM2-135M,25,PRE,419M,32,64,smollm2-sparsify-PRE-419M-token-6_25-layers-32-expansion-64-k/layers.25,419.0
